<application>
  <component name="ExportableFileTemplateSettings">
    <default_templates>
      <template name="Template 1.cpp" reformat="false" live-template-enabled="false" />
      <template name="Template 2.cpp" reformat="false" live-template-enabled="false" />
      <template name="Template 3.cpp" reformat="false" live-template-enabled="false" />
    </default_templates>
    <internal_templates>
      <template name="C++ Class.cc" reformat="false" live-template-enabled="false" enabled="true" />
    </internal_templates>
  </component>
</application>