<code_scheme name="Default" version="173">
  <option name="WRAP_WHEN_TYPING_REACHES_RIGHT_MARGIN" value="true" />
  <Objective-C>
    <option name="INDENT_NAMESPACE_MEMBERS" value="3" />
    <option name="INDENT_C_STRUCT_MEMBERS" value="3" />
    <option name="INDENT_CLASS_MEMBERS" value="3" />
    <option name="INDENT_INSIDE_CODE_BLOCK" value="3" />
  </Objective-C>
  <codeStyleSettings language="ObjectiveC">
    <indentOptions>
      <option name="INDENT_SIZE" value="3" />
      <option name="CONTINUATION_INDENT_SIZE" value="6" />
      <option name="TAB_SIZE" value="3" />
    </indentOptions>
  </codeStyleSettings>
</code_scheme>