<keymap version="1" name="Windows copy" parent="$default">
  <action id="ActivateTerminalToolWindow">
    <keyboard-shortcut first-keystroke="ctrl #10000d1" />
  </action>
  <action id="ChangesView.GroupBy.Module" />
  <action id="CloseActiveTab">
    <keyboard-shortcut first-keystroke="shift ctrl q" />
  </action>
  <action id="CommentByBlockComment">
    <keyboard-shortcut first-keystroke="shift ctrl braceright" />
  </action>
  <action id="CommentByLineComment">
    <keyboard-shortcut first-keystroke="ctrl braceright" />
  </action>
  <action id="ExtractFunction" />
  <action id="ExtractMethod" />
  <action id="Git.New.Branch.In.Log" />
  <action id="GitNewBranchAction" />
  <action id="Inline" />
  <action id="Rerun">
    <keyboard-shortcut first-keystroke="ctrl alt m" />
  </action>
  <action id="Run" />
  <action id="RunClass">
    <keyboard-shortcut first-keystroke="ctrl alt n" />
  </action>
  <action id="RunDashboard.Run" />
  <action id="RunTargetAction" />
  <action id="TodoViewGroupByShowModules" />
  <action id="UsageGrouping.Module" />
  <action id="runShellFileAction" />
</keymap>