<keymap version="1" name="Windows copy" parent="$default">
  <action id="ChangesView.GroupBy.Module" />
  <action id="CloseActiveTab">
    <keyboard-shortcut first-keystroke="shift ctrl q" />
  </action>
  <action id="ExtractFunction" />
  <action id="ExtractMethod" />
  <action id="Git.New.Branch.In.Log" />
  <action id="GitNewBranchAction" />
  <action id="Inline" />
  <action id="Rerun">
    <keyboard-shortcut first-keystroke="ctrl alt m" />
  </action>
  <action id="Run">
    <keyboard-shortcut first-keystroke="ctrl alt n" />
  </action>
  <action id="TodoViewGroupByShowModules" />
  <action id="UsageGrouping.Module" />
</keymap>