<keymap version="1" name="Windows copy 1" parent="$default">
  <action id="ChooseRunConfiguration">
    <keyboard-shortcut first-keystroke="shift ctrl f10" />
  </action>
  <action id="CloseActiveTab">
    <keyboard-shortcut first-keystroke="shift ctrl q" />
  </action>
  <action id="Console.Open" />
  <action id="Git.New.Branch.In.Log" />
  <action id="GitNewBranchAction" />
  <action id="Inline" />
  <action id="Run" />
  <action id="RunClass">
    <keyboard-shortcut first-keystroke="ctrl alt n" />
  </action>
  <action id="RunDashboard.Run">
    <keyboard-shortcut first-keystroke="ctrl alt n" />
  </action>
  <action id="runShellFileAction" />
</keymap>