<keymap version="1" name="Windows copy" parent="$default">
  <action id="ActivateTerminalToolWindow">
    <keyboard-shortcut first-keystroke="ctrl #10000d1" />
  </action>
  <action id="CIDR.Debugger.CopyAddress" />
  <action id="ChangesView.GroupBy.Module" />
  <action id="ChooseRunConfiguration">
    <keyboard-shortcut first-keystroke="ctrl alt l" />
  </action>
  <action id="CloseActiveTab">
    <keyboard-shortcut first-keystroke="shift ctrl q" />
  </action>
  <action id="CommentByBlockComment">
    <keyboard-shortcut first-keystroke="shift ctrl braceright" />
  </action>
  <action id="CommentByLineComment">
    <keyboard-shortcut first-keystroke="ctrl braceright" />
  </action>
  <action id="Console.TableResult.CopyAggregatorResult" />
  <action id="Console.TableResult.SetNull" />
  <action id="CopyAbsolutePath" />
  <action id="CopyPaths" />
  <action id="DatabaseView.CopyDdlAction">
    <keyboard-shortcut first-keystroke="shift ctrl alt g" />
  </action>
  <action id="ExtractMethod" />
  <action id="Git.New.Branch.In.Log" />
  <action id="GitNewBranchAction" />
  <action id="Inline" />
  <action id="Jdbc.OpenConsole.New" />
  <action id="Jdbc.OpenConsole.New.Generate" />
  <action id="ReformatCode" />
  <action id="RemoteHostView.CopyPaths" />
  <action id="Run" />
  <action id="RunClass">
    <keyboard-shortcut first-keystroke="ctrl alt n" />
  </action>
  <action id="RunDashboard.Stop">
    <keyboard-shortcut first-keystroke="shift ctrl c" />
  </action>
  <action id="TodoViewGroupByShowModules" />
  <action id="UsageGrouping.Module" />
  <action id="WelcomeScreen.CopyProjectPath" />
  <action id="org.intellij.plugins.markdown.ui.actions.styling.ToggleCodeSpanAction" />
  <action id="runShellFileAction">
    <keyboard-shortcut first-keystroke="ctrl alt n" />
  </action>
</keymap>