<application>
  <component name="ExportableFileTemplateSettings">
    <default_templates>
      <template name="Template 2 BITS.cpp" reformat="false" live-template-enabled="false" />
      <template name="Template CF.cpp" reformat="false" live-template-enabled="false" />
      <template name="Template Ultra-Light.cpp" reformat="false" live-template-enabled="true" />
    </default_templates>
    <internal_templates>
      <template name="C++ Class.cc" reformat="false" live-template-enabled="false" enabled="true" />
    </internal_templates>
  </component>
</application>